"country","three_year_avg_growth","projection_2020","diff_projection_avg","mortality_per_100k","population","median_stringency","max_stringency","gdp_per_capita_us","trade_pct_gdp","pop_pct_65_over"
"Norway",1.6,-2.8,-4.52674897119343,5.81537112913191,5347896,37.04,79.63,75419.6348688089,0.721464996506412,0.17272665921403
"United States",2.5,-4.3,-7.10553814002088,78.5009061812462,328239523,67.13,75.46,65118.3583328163,0.263887267872481,0.162096061428511
"Denmark",2.23333333333333,-4.5,-7.05061082024434,13.5600724097555,5818553,50.93,72.22,59822.0929608968,1.0500168240818,0.19965259128921
"Sweden",1.96666666666667,-4.7,-6.99545295557888,62.2821376948589,10285453,55.56,64.81,51610.0660552202,0.904859043463765,0.201985696235664
"Finland",1.96666666666667,-4,-6.21527777777779,6.95612604645315,5520314,35.19,67.59,48685.8539866945,0.794666733311674,0.221406446239043
"Germany",1.5,-6,-7.97872340425532,17.3938567856954,83132799,57.87,76.85,46258.8782897052,0.880986606350121,0.215629923209089
"Japan",1.06666666666667,-5.3,-6.72298486448433,1.54357982423481,126264931,34.26,47.22,40246.8801284164,0.368165073643981,0.280020492778115
