"country","three_year_avg_growth","projection_2020","diff_projection_avg","mortality_per_100k","population","median_stringency","max_stringency","gdp_per_capita_us","trade_pct_gdp","pop_pct_65_over"
"Norway",1.6,-2.8,-4.52674897119343,5.21700496793505,5347896,37.04,79.63,75419.6348688089,0.721464996506412,0.17272665921403
"United States",2.5,-4.3,-7.10553814002088,67.6871566133735,328239523,67.13,72.69,65118.3583328163,0.263887267872481,0.162096061428511
"Denmark",2.23333333333333,-4.5,-7.05061082024434,11.8586184572006,5818553,54.63,72.22,59822.0929608968,1.0500168240818,0.19965259128921
"Sweden",1.96666666666667,-4.7,-6.99545295557888,57.6445198864843,10285453,37.04,46.3,51610.0660552202,0.904859043463765,0.201985696235664
"Finland",1.96666666666667,-4,-6.21527777777779,6.43079361065331,5520314,35.19,67.59,48685.8539866945,0.794666733311674,0.221406446239043
"Germany",1.5,-6,-7.97872340425532,11.9218889766962,83132799,56.94,76.85,46258.8782897052,0.880986606350121,0.215629923209089
"Japan",1.06666666666667,-5.3,-6.72298486448433,1.33528762630061,126264931,31.48,47.22,40246.8801284164,0.368165073643981,0.280020492778115
